{
  "example-jukebox:jukebox": {
    "library": {
      "artist": [
        {
          "name": "The Beatles",
          "album": [
            {
              "name": "Abbey Road",
              "genre": "example-jukebox:rock",
              "year": 1969,
              "admin": {
                "label": "Apple Records",
                "catalogue-number": "PCS-7088"
              },
              "song": [
                {
                  "name": "Come Together",
                  "location": "/music/beatles/abbey_road/come_together.mp3",
                  "format": "MP3",
                  "length": 259
                },
                {
                  "name": "Something",
                  "location": "/music/beatles/abbey_road/something.mp3",
                  "format": "MP3",
                  "length": 182
                }
              ]
            }
          ]
        }
      ],
      "artist-count": 1,
      "album-count": 1,
      "song-count": 2
    },
    "playlist": [
      {
        "name": "Favorites",
        "description": "My favorite songs",
        "song": [
          {
            "index": 1,
            "id": "/example-jukebox:jukebox/library/artist[name='The Beatles']/album[name='Abbey Road']/song[name='Come Together']/name"
          }
        ]
      }
    ],
    "player": {
      "gap": "2.0"
    }
  }
}